id_vocab,english_proba,german_proba
1.0,0.16592636576981276,0.14920003798514597
2.0,0.17184100049834863,0.15297355872989327
3.0,0.2779623185799797,0.240178356942821
4.0,0.23563614235705385,0.20354792895206983
5.0,0.5785434077846381,0.2335835659596183
6.0,0.19030316864931135,0.4261171919952291
7.0,0.2334211998489113,0.18084719591269283
8.0,0.211698569808664,0.14836975370956995
9.0,0.2409152197420596,0.21459317837312541
10.0,0.20238654588856372,0.17872754413855382
11.0,0.1527141607480602,0.14528785626873947
12.0,0.1632822870786381,0.14306858645011156
13.0,0.2660960290793336,0.2143309414011246
14.0,0.24823531667726906,0.18685884953485904
15.0,0.24272233060013446,0.21073957156858206
16.0,0.22603857371840763,0.20064587396361955
17.0,0.2076972115414131,0.17881167670642106
18.0,0.23810192769395183,0.19979769359173127
19.0,0.25084613333451994,0.21299466036942594
20.0,0.28123975517306565,0.37936175545432316
21.0,0.2404437808935709,0.2150401323768258
22.0,0.25156436860338477,0.22668379800625818
23.0,0.2446412354905211,0.21454885702023033
24.0,0.2388085757187777,0.20964122730637988
25.0,0.24232161929592638,0.21155947245214907
26.0,0.208665371584333,0.18635936284893148
27.0,0.21035600677097532,0.18052812633027748
28.0,0.15443090944803853,0.13711372923655046
29.0,0.27406971732788515,0.22602736710956994
30.0,0.20910170103801257,0.48333359832251976
31.0,0.23931975196578553,0.21324337371218932
32.0,0.5754593432855307,0.16699131438588316
33.0,0.3371566285504466,0.5680330145851419
34.0,0.2693428949982903,0.20871523128755212
35.0,0.24334971591619825,0.21445638347543522
36.0,0.25206416958596356,0.5205148410559893
37.0,0.275559702727604,0.19946322644097123
38.0,0.29976856513415323,0.23623527777238065
39.0,0.2782991933721838,0.20863621254392278
40.0,0.2347639122727923,0.21270164000229058
41.0,0.18170206692923505,0.168422308474496
42.0,0.18421722726295167,0.16891347351752245
43.0,0.5647767517658321,0.30327834893188665
44.0,0.174573326872698,0.1541179578943314
45.0,0.22397750477724565,0.19942901374551744
46.0,0.22852096440035685,0.20135450073567263
47.0,0.1568280810932933,0.16282905303426232
48.0,0.17995061753124586,0.15424910197065045
49.0,0.6255708676306592,0.2117411337874636
50.0,0.1733746416512522,0.14582643704523054
51.0,0.11780184001973983,0.11253582039228685
52.0,0.17379552425620404,0.1553639296959445
53.0,0.13953027696419093,0.12171148680663087
54.0,0.24190638651007912,0.20807679402198545
55.0,0.13204260485373503,0.160272571673952
56.0,0.2559653390850673,0.21727713095868464
57.0,0.23454002879370178,0.11837722336514794
58.0,0.17263045424464513,0.2340979362740714
59.0,0.1978329998305498,0.1573090929707055
60.0,0.12186276745208537,0.24427514172732975
61.0,0.12847475085705856,0.11913084738519082
62.0,0.347075344836868,0.13784138763940643
63.0,0.14728281687955463,0.12576068179788916
64.0,0.1280792546529706,0.13232363824484616
65.0,0.1516933053788718,0.14899424552182142
66.0,0.17296036343718582,0.6730387186322138
67.0,0.12695831221520038,0.13215655698617482
68.0,0.18510125749579565,0.39038784345183764
69.0,0.149362364809423,0.12472891489739447
70.0,0.14198911155478783,0.13845542681727524
71.0,0.3414881696468468,0.23410509541533672
72.0,0.145289811243891,0.23417602676525878
73.0,0.6056799648801591,0.2172781787217907
74.0,0.1303395225736283,0.14268384161430145
75.0,0.36664295609822956,0.12096456883038684
76.0,0.12668670873356505,0.13524878351681063
77.0,0.1378988919204153,0.14053096788080488
78.0,0.4061410037766188,0.15009103396468434
79.0,0.13705842308018382,0.13023684877169386
80.0,0.21859986712422672,0.1934212619855897
81.0,0.11643973832750333,0.14679657768973625
82.0,0.1718150232831105,0.15132419298740463
83.0,0.1544373307251359,0.16560801599382702
84.0,0.13237808489130864,0.11590367387663764
85.0,0.13118679002853711,0.13754450310545774
86.0,0.3778323843871126,0.12559522829368444
87.0,0.15517658401352294,0.1561507709327753
88.0,0.1534081999245178,0.1525272488221178
89.0,0.1359579637096313,0.13338825788929096
90.0,0.14790379937527515,0.14606157850485219
91.0,0.5516788157749918,0.5342774880493885
92.0,0.17661236863489196,0.2759303179959045
93.0,0.2300337037935443,0.48017661399850675
94.0,0.18016233370025359,0.16345194764380097
95.0,0.12463521471199146,0.13586660235535317
96.0,0.14784489977410104,0.3139331295393832
97.0,0.2530395150534593,0.12533188228523415
98.0,0.5605949859093103,0.14890084439111212
99.0,0.1382853293795661,0.13009241910577662
100.0,0.1322725235443269,0.12760123813108587
101.0,0.13477595247632923,0.12856296853479457
102.0,0.13088615044513188,0.13474670636130523
103.0,0.13285119539030285,0.1316156767738607
104.0,0.18289156276995733,0.16556554644793653
105.0,0.28499358467770847,0.12563670082014108
106.0,0.12480170652418653,0.17344526635929897
107.0,0.13465369049737935,0.231019907173983
108.0,0.11577352424431028,0.12482275310198744
109.0,0.135176043992368,0.1299497202426282
110.0,0.202602427709634,0.22167593761514864
111.0,0.11296505753725883,0.11546455492611608
112.0,0.11551942797569506,0.1274630508418009
113.0,0.356345323131318,0.1315995601059864
114.0,0.2952023451355169,0.2431078302478515
115.0,0.13660799270659904,0.24211518737390988
116.0,0.17667258587572895,0.16811528049183877
117.0,0.12681617836206813,0.12818422024220102
118.0,0.13191065507972596,0.11825942282695116
119.0,0.23081115640717875,0.194862229064981
120.0,0.11975736963581646,0.12399033109878278
121.0,0.13981898184592773,0.12612479391261885
122.0,0.5195663436877769,0.2304496544745873
123.0,0.13757829943764618,0.12871514111847823
124.0,0.3422711936323987,0.11134060750261716
125.0,0.11121118115534862,0.11796332126879092
126.0,0.13662964028647828,0.12279408798285998
127.0,0.16372391495670963,0.14294933934120513
128.0,0.12846534750227495,0.12697351807115434
129.0,0.17499616195507167,0.12393065942131314
130.0,0.3337888341433402,0.12643651652760873
131.0,0.47239883745393485,0.16554418443163096
132.0,0.12338714725785674,0.11314514579178435
133.0,0.1269197050261736,0.25258723525771654
134.0,0.4022302387312346,0.12443481739768113
135.0,0.11763585742804943,0.11472577822063164
136.0,0.1209161810870332,0.11918890901726824
137.0,0.2571974203300819,0.11897976078380366
138.0,0.3432424008447015,0.1861796397484057
139.0,0.13038120548872972,0.13157934588407377
140.0,0.1395177761483636,0.17765851684561587
141.0,0.1156317506282694,0.11543687759518476
142.0,0.1422927476292512,0.15824494622958782
143.0,0.10581178089702169,0.20871005810606555
144.0,0.346696402984106,0.12707534261739228
145.0,0.2755748037676965,0.11436514558418932
146.0,0.11271801057698312,0.1285332128010758
147.0,0.6342247760016584,0.26977993595806177
148.0,0.2621769362387561,0.11902847303482623
149.0,0.291432626363747,0.18916816218375604
150.0,0.19542936199622918,0.17286126359155105
151.0,0.1083118820753916,0.2847172113623996
152.0,0.11474558612357573,0.11949678267325062
153.0,0.12530363346675003,0.1256242309491968
154.0,0.26632167210456487,0.2395289174686454
155.0,0.11489584458627035,0.11953302804318017
156.0,0.12284435051767328,0.32911230446530504
157.0,0.12031279585319897,0.11488240186126612
158.0,0.13523956215137964,0.1435166455409562
159.0,0.11984855728174698,0.12853797928259184
160.0,0.12301323443242367,0.1247424938331015
161.0,0.1613812515803317,0.14265588797744172
162.0,0.2711497269492012,0.20707628594048114
163.0,0.15515021669514342,0.11193458999567531
164.0,0.6780154517486852,0.33649045311655235
165.0,0.1572339795309438,0.11340441023579857
166.0,0.2211080071959204,0.20040783461438635
167.0,0.20783821762205554,0.1706874958526989
168.0,0.16239880435351042,0.14276389618482757
169.0,0.8875356453045591,0.7170891375828573
170.0,0.16298626992239781,0.1409438561982372
171.0,0.1548468972781815,0.10978914760198864
172.0,0.15672928886489915,0.13914668666441765
173.0,0.16002162656578497,0.1420811117065288
174.0,0.16045296915091967,0.14227780981823948
175.0,0.1548195110678356,0.13413028457420964
176.0,0.1626708358037634,0.11307738463469831
177.0,0.48202807900153866,0.17181860171679736
178.0,0.491432707743661,0.26531212998258397
179.0,0.15553383568074247,0.1343108400503327
180.0,0.34519510476081566,0.2869529963667019
181.0,0.22379470060528964,0.25231984506394667
182.0,0.14927423494978445,0.10310812278941725
183.0,0.3021218989929881,0.2291439781875135
184.0,0.2671606439585157,0.2227709625445592
185.0,0.14351593213742375,0.10440520598749353
186.0,0.15929167173102643,0.1148759358108404
187.0,0.2846166991408968,0.20919032690146697
188.0,0.3023348138354199,0.22775280042873883
189.0,0.39617434540288826,0.25325722464325284
190.0,0.16291780777096415,0.13877102742272324
191.0,0.16464491554589422,0.13647496639453463
192.0,0.19515093418240403,0.16086129585288111
193.0,0.16840169708359443,0.1393484216795446
194.0,0.158423026079423,0.1408697143879707
195.0,0.17436893635618822,0.1582371410706181
196.0,0.2682533657952063,0.19169610079686228
197.0,0.2710204793856032,0.35415283652141166
198.0,0.2412558501350524,0.43986601263847375
199.0,0.1836032657620309,0.1604234043012759
200.0,0.16240508581181265,0.1421129488794963
201.0,0.2711707872549691,0.21107195773513956
202.0,0.28750911423332465,0.21236878955836097
203.0,0.16361198224024592,0.13828239146168336
204.0,0.24300899742695958,0.1518938788373806
205.0,0.2707443339925288,0.21470733054388974
206.0,0.2685108439542424,0.2634825778225331
207.0,0.1486969510705538,0.1051016399655677
208.0,0.6587791668835938,0.3903136538681418
209.0,0.15123783190817708,0.10584000448993151
210.0,0.2551571768296491,0.19579298230880632
211.0,0.22474215034638684,0.35002558508666143
212.0,0.46297999573926313,0.4332372892615784
213.0,0.20772600386433648,0.34249064303828897
214.0,0.2670755865821047,0.24529102655023624
215.0,0.17177053633127776,0.2557024308438876
216.0,0.34849582078532404,0.2891314123687661
217.0,0.16608915162057267,0.22389152836761542
218.0,0.15138135550803497,0.10503391299141022
219.0,0.5026435761124111,0.21990403066156963
220.0,0.2851258810970795,0.20300142817930386
221.0,0.2755834733479892,0.338552585720681
222.0,0.4403660870363586,0.20401673834465023
223.0,0.41931312117756786,0.13858790061650594
224.0,0.18562145542515476,0.1572848654192223
225.0,0.17291033572615142,0.15044878718533536
226.0,0.15451907036629492,0.1369200134943063
227.0,0.3905885572084809,0.4941698823774335
228.0,0.2755586930791688,0.1552717942734651
229.0,0.26902645744062764,0.2123385668857715
230.0,0.20651436420497943,0.35909922375544695
231.0,0.24942880596039954,0.2204746108282572
232.0,0.2326875337998236,0.3965790994785876
233.0,0.28871869199235467,0.1892826245200737
234.0,0.6743205496500999,0.2835998109706459
235.0,0.12341866931216997,0.09095469409746944
236.0,0.22606044117758878,0.29453409517826173
237.0,0.3918770088678334,0.47687710160059715
238.0,0.397538359711725,0.17370200262299812
239.0,0.3828327364208168,0.3535360239507266
240.0,0.1603891331002181,0.13858118286178397
241.0,0.23987185785505194,0.23639115082700637
242.0,0.2427489811779755,0.1947595600400345
243.0,0.26575293704756375,0.15498248940777679
244.0,0.1581243824318575,0.12080778781881533
245.0,0.4467694829450055,0.3802062165464777
246.0,0.14156680272281608,0.16581162626696389
247.0,0.5020361954405901,0.15342758709329427
248.0,0.48392043930740203,0.15446663791129384
249.0,0.17254667911812444,0.14588679364237783
250.0,0.3553133236315659,0.27845464661141905
251.0,0.14559176180722086,0.14908417796898643
252.0,0.26003048991515954,0.3733114093266149
253.0,0.36167850692892667,0.6054602973136627
254.0,0.2616883138630282,0.3570459163519831
255.0,0.24153735973643378,0.11101254841660016
256.0,0.20127726270923224,0.15197644263510904
257.0,0.16988230519300704,0.1425198942843405
258.0,0.2553277182536848,0.33576986467773384
259.0,0.3070207286166485,0.4661384752091342
260.0,0.17228161494400832,0.15809026916683225
261.0,0.17549415459767265,0.1484436233988875
262.0,0.35599987661010146,0.2169934939933148
263.0,0.4608466637074506,0.31423404157904794
264.0,0.33674945704981124,0.23643594478398122
265.0,0.13768078589798358,0.1908811026053085
266.0,0.5089567151977414,0.2563442894823121
267.0,0.1742922652806397,0.667959223137504
268.0,0.13329173393546112,0.2827167319896905
269.0,0.3894345358028948,0.30778381473170663
270.0,0.40314925589247586,0.2648504424057468
271.0,0.13162066239512155,0.20387968571689627
272.0,0.4127938764233782,0.22801572152555366
273.0,0.1795639778199909,0.12722925816904357
274.0,0.22896748860244978,0.1630096976372096
275.0,0.4520465625999529,0.17856494806576637
276.0,0.13630744594213126,0.12345125807970506
277.0,0.18407184221270698,0.1509232986556635
278.0,0.2906807677312213,0.26756965024637686
279.0,0.1144560780292691,0.16857519787012182
280.0,0.26315947973544757,0.19039714400229338
281.0,0.11008506869880372,0.19617068499751364
282.0,0.11968505816354837,0.18382135585996778
283.0,0.2579477988348287,0.15314312394110566
284.0,0.10546283901777181,0.11927285937592941
285.0,0.28596239278899177,0.23698574094606636
286.0,0.3027407793110332,0.22153916463356668
287.0,0.12436876162242914,0.2334668881962352
288.0,0.26104173260323793,0.17305875402259296
289.0,0.262292154834497,0.19793689502813364
290.0,0.1349357426049262,0.12838651595634495
291.0,0.20576362235285447,0.16285190941500838
292.0,0.37705255592775927,0.28086043560619284
293.0,0.30901340556875045,0.16896821946097862
294.0,0.10848022641711028,0.2396381202917034
295.0,0.13778811513472433,0.15530026518249462
296.0,0.12055391461723479,0.15873038259460573
297.0,0.12222640273405162,0.10603543873462773
298.0,0.11423608500558446,0.20521436211124533
299.0,0.20192503414962615,0.45934393963946174
300.0,0.17098137393317284,0.7603454952109726
301.0,0.34202279997202034,0.11748625146459254
302.0,0.1358864751329264,0.21059255507940242
303.0,0.16554618329483034,0.1387663481525529
304.0,0.1371953565998119,0.22324840258997564
305.0,0.3526499274433543,0.30693143692950947
306.0,0.16193829895375075,0.2927121441524682
307.0,0.40557192262666186,0.2681745911092818
308.0,0.3634240711408796,0.2738965405278209
309.0,0.316505491860867,0.2848799578672644
310.0,0.1254939595861891,0.15948467272118041
311.0,0.15922403355908513,0.5959827099302245
312.0,0.12605193115817767,0.13230862098551427
313.0,0.113750267784531,0.11856210283575422
314.0,0.1656466716383489,0.13920641208238727
315.0,0.11280162982661457,0.11790198946528282
316.0,0.11783479545442663,0.30441158198994683
317.0,0.46846867501815515,0.17069533264328748
318.0,0.12764871728416402,0.13631537275703656
319.0,0.2710037513134825,0.11638243467682767
320.0,0.3064665921432961,0.21895429198071598
321.0,0.254442519576469,0.20719676403528445
322.0,0.12952744589549278,0.1261288557980575
323.0,0.13628325559243382,0.2712541693579223
324.0,0.12771916893785693,0.1993617804299303
325.0,0.13866180557638344,0.12036193024083884
326.0,0.40968032832070084,0.12134826023338402
327.0,0.11984355680539543,0.23458672260359306
328.0,0.11281717792858134,0.13169017965590757
329.0,0.12923709234369593,0.12872195886713467
330.0,0.22291164837137553,0.19622485981111687
331.0,0.3777537463625392,0.12091416609767537
332.0,0.1931104444510021,0.16000471438075414
333.0,0.26370460042232813,0.2334386010057615
334.0,0.26219573108128025,0.6836905373774967
335.0,0.13410299858654862,0.23625497804270656
336.0,0.12483231990615656,0.23120232388853554
337.0,0.45376353151137166,0.24891104820354795
338.0,0.3274103400960835,0.3447991187684518
339.0,0.2209014146962183,0.3594554553154896
340.0,0.12250776664576503,0.1168090502232016
341.0,0.11776440940043689,0.20092155087471392
342.0,0.27527716651071193,0.2984924999452159
343.0,0.16239882736575867,0.14644824661692996
344.0,0.12591674204612086,0.11918490569477881
345.0,0.12258298137844549,0.17358626945018124
346.0,0.4073997977705633,0.5101049608309798
347.0,0.2512195957976727,0.18648928561959233
348.0,0.31239582867683785,0.25319152109477
349.0,0.11154575803494485,0.19896592443159997
350.0,0.28102263747046374,0.31498651559108
351.0,0.12727524902514217,0.27082207769322764
352.0,0.11305077080261315,0.21965366164801842
353.0,0.1644405689508996,0.38604617693009813
354.0,0.32389753125238024,0.15740521270258054
355.0,0.12027561965188922,0.27608124747151574
356.0,0.16057669968022623,0.13526497889807285
357.0,0.1592136225435355,0.7067631330043314
358.0,0.32103256062126634,0.30695371059038806
359.0,0.14887158182381202,0.1339497177045045
360.0,0.4680858357667815,0.6348773736547447
361.0,0.1680118592360448,0.14486395932466709
362.0,0.1119606641151788,0.1623998097630773
363.0,0.17406836926701028,0.29688375966664066
364.0,0.2040953315685422,0.3540357074852067
365.0,0.12592754661770522,0.1310238797352961
366.0,0.3880039856719569,0.19080476900181123
367.0,0.4532128540642765,0.42134778694516994
368.0,0.7959206061895635,0.5759044812531778
369.0,0.11570541301851837,0.13164477748265413
370.0,0.1484729665792152,0.4903020260820625
371.0,0.194534931742611,0.1505724566251864
372.0,0.16787273842900402,0.2530268714392029
373.0,0.23886459245033453,0.1922241337359538
374.0,0.17361302371011736,0.27672971134334357
375.0,0.25670316760131623,0.2081578505505151
376.0,0.27075019690090163,0.1268494426031667
377.0,0.3576513361552808,0.13394887348854456
378.0,0.21524989605388367,0.1711155687061086
379.0,0.36924581484926294,0.28877747838258366
380.0,0.1223700645587546,0.29116240560083445
381.0,0.11248035051591115,0.16731769138149735
382.0,0.11800549243377807,0.12150352867951582
383.0,0.2848793463681508,0.1399950071758506
384.0,0.33032066198464555,0.17746545807738234
385.0,0.29521829649167336,0.11996027680740565
386.0,0.29727541037242144,0.2667440268683085
387.0,0.14024286864954025,0.25922619374901346
388.0,0.11210309797644218,0.12770409362620427
389.0,0.17624751129011051,0.13301614570243625
390.0,0.13072047233508602,0.20883867260941222
391.0,0.5602116746683341,0.3252345838179354
392.0,0.2570543615858837,0.22580811927066688
393.0,0.3583853053829381,0.4531305256355216
394.0,0.4284768537373169,0.2491684421804142
395.0,0.22373332791914488,0.30544881754394365
396.0,0.4028813004885223,0.1312010514786344
397.0,0.11970760994246277,0.19954509883551672
398.0,0.12066285486027756,0.24872195969445657
399.0,0.13231928654485167,0.253056295456088
400.0,0.470548072874366,0.2391476891863158
401.0,0.27498989686024294,0.22376788212585164
402.0,0.11561200375568555,0.12890971071569343
403.0,0.12394787725492303,0.11654949033415903
404.0,0.11330074536763028,0.2364909202268188
405.0,0.1873692380560892,0.19058834807527192
406.0,0.11973709476597988,0.12438765974260715
407.0,0.5419585578110759,0.4438391033744986
408.0,0.14398527941565534,0.2451594499431692
409.0,0.2681558727982493,0.18882472037426917
410.0,0.13332070846075414,0.12666279228639904
411.0,0.11675076429267678,0.11866739517457742
412.0,0.12566743585086618,0.25931888148846494
413.0,0.6103402811407764,0.17465521524882915
414.0,0.12493155545076373,0.217862450980952
415.0,0.13074689340364476,0.21986311873253114
416.0,0.3435135411943687,0.1476991860417346
417.0,0.21020261802685594,0.28354906134272856
418.0,0.30894306747880573,0.23571590180529167
419.0,0.12605224337890836,0.2731372290556529
420.0,0.11738774907131953,0.12062624077643237
421.0,0.16230720428981643,0.2673766927546679
422.0,0.1634329660673168,0.33751726805319837
423.0,0.4003907178724459,0.1806410285239727
424.0,0.1330799451365182,0.11949744116466123
425.0,0.42885754003643156,0.2170013477794813
426.0,0.11510600492735854,0.12141837962641334
427.0,0.10568046399222945,0.18599048264228832
428.0,0.4140323910964374,0.13315064373704694
429.0,0.11882191529519917,0.11462325437078452
430.0,0.1079637800137876,0.11711100276849273
431.0,0.29671438884169715,0.27255938678417735
432.0,0.11572193885829567,0.21804884975413502
433.0,0.15275780135863942,0.17444890168930946
434.0,0.28128450715188635,0.2169142547542623
435.0,0.15257078006724817,0.15532976576516347
436.0,0.10654481793552366,0.1867462927294013
437.0,0.32236649437503134,0.13006881217924737
438.0,0.11975422694269429,0.1592729203771566
439.0,0.3312773500175776,0.23711825164478162
440.0,0.12084482666239427,0.12070012392362843
441.0,0.12188278562859862,0.19637845832085227
442.0,0.19157125113726498,0.15575346687824904
443.0,0.2833183717301702,0.17706318476004484
444.0,0.1147242226207342,0.16271559671677027
445.0,0.21527532933524132,0.21897093729107767
446.0,0.34074234021589994,0.1310392722309076
447.0,0.39851216362751507,0.17427491855241323
448.0,0.11389728138124997,0.12063306966763625
449.0,0.13432667823457436,0.13173140618216808
450.0,0.19342064534569847,0.20293593050823064
451.0,0.10627357508510943,0.12175561209814675
452.0,0.12409533638068142,0.1283700801945165
453.0,0.12250466124573284,0.13699659708470907
454.0,0.32046467851768284,0.1211015322510938
455.0,0.12602389983271178,0.19247240922787806
456.0,0.11348265393806928,0.12928254360288743
457.0,0.17027742662939332,0.14552912490027037
458.0,0.5502871631009365,0.1941490908941999
459.0,0.1919255481636269,0.16998904819364244
460.0,0.24616678476656811,0.23512452899780015
461.0,0.1419588854065999,0.16099914423114892
462.0,0.1071901216405863,0.12517115221655492
463.0,0.11722350173657561,0.23274296604822045
464.0,0.25649196242806516,0.1343145859643206
465.0,0.11474026716139367,0.1251546195461095
466.0,0.10110086311853318,0.11747811477358387
467.0,0.11578177901331524,0.2133517524398143
468.0,0.11917241508858861,0.2387905983486359
469.0,0.2580563766028164,0.11904100716507583
470.0,0.4768546027957933,0.15901181777081533
471.0,0.2875367547560182,0.12384843114830589
472.0,0.3758747423195118,0.2918107539431748
473.0,0.28605245912421084,0.253525800910059
474.0,0.30859243711341566,0.2852109074100803
475.0,0.41556301027502135,0.3193574774385447
476.0,0.12285562840384612,0.12144429244472997
477.0,0.23835074021117827,0.23484005646951864
478.0,0.4846526971254258,0.15185524298043168
479.0,0.1613271968206638,0.31006919386767495
480.0,0.17987184115424545,0.2622432209288003
481.0,0.27660012686995356,0.3131711876735945
482.0,0.42448265047224054,0.15105939776044444
483.0,0.2379050422457215,0.18470390958105126
484.0,0.20014156871036654,0.16595440472410578
485.0,0.15535941689376723,0.11212423806649638
486.0,0.5031013611948875,0.456030329031147
487.0,0.1483500560382754,0.1030351373904264
488.0,0.26614560563273326,0.17030596109622823
489.0,0.24131674495957925,0.43791560245860456
490.0,0.1325064214858528,0.09416218459415446
491.0,0.24354352808767885,0.1792808704928861
492.0,0.14281941214556512,0.09687438508209611
493.0,0.13423903221109934,0.09551886108391941
494.0,0.7084742767767658,0.640563035179858
495.0,0.13349677050155206,0.08871482103281998
496.0,0.45575006451164135,0.3920222065069314
497.0,0.276054541079958,0.2072590505684579
498.0,0.20097212347709706,0.23186797689669436
499.0,0.2589557481815183,0.18670141416156202
500.0,0.16960733776775777,0.21019307868502674
501.0,0.4135550891387307,0.46523105912718254
502.0,0.24139896138280023,0.2609927507634454
503.0,0.22631582021758714,0.2770220767788794
504.0,0.21985705963572802,0.21277112099128473
505.0,0.2639649731531584,0.16842535505307496
506.0,0.4937944827872105,0.3667259455827295
507.0,0.2381755155016107,0.2252795306274823
508.0,0.2729270081474196,0.16729829628671228
509.0,0.23491267506719302,0.1865830815427135
510.0,0.3555873181198981,0.19793260885086178
511.0,0.3724703803170755,0.46342475352732654
512.0,0.2755089191616108,0.2553520002768029
513.0,0.2726722464236894,0.16394747889467495
514.0,0.22302724010553807,0.10906724499391944
515.0,0.4039999445569027,0.2695051321613031
516.0,0.5828929832726548,0.5253612934939518
517.0,0.3964301689322246,0.1219976665721441
518.0,0.32090147560845905,0.27293753235005913
519.0,0.32611382691824353,0.11215693821381861
520.0,0.3036117984738126,0.2954240664467285
521.0,0.12125042394354812,0.1620708494565681
522.0,0.1663768155046225,0.16242878409647826
523.0,0.15837642861044454,0.436025066936005
524.0,0.13260930019874062,0.2228255076677754
525.0,0.11967180676692024,0.1523028756629174
526.0,0.43172228807170393,0.36851470683436455
527.0,0.2796043088707603,0.2644068792975061
528.0,0.13398029070097248,0.196321328691858
529.0,0.12757702895282044,0.10645096289616965
530.0,0.34219721818910104,0.15999689117179486
531.0,0.1299187440594011,0.10898923212474579
532.0,0.16664085715843088,0.5907090026486044
533.0,0.13579333984163727,0.1316041694665746
534.0,0.11973906122288992,0.10932643641546491
535.0,0.12280585480899504,0.11805795595489195
536.0,0.2473468285658441,0.13375885676696134
537.0,0.20837143984166775,0.43570467505357313
538.0,0.5014235020727527,0.17590443273907466
539.0,0.11275786876209129,0.26915344532527324
540.0,0.14770846866145543,0.16567186526649383
541.0,0.16102979051679014,0.36727475351082567
542.0,0.12025918533932861,0.11084697684440231
543.0,0.2514033373120555,0.1897833094330246
544.0,0.5147455376376779,0.2250834701542699
545.0,0.14107995460295567,0.2615370649778449
546.0,0.10380505582098672,0.23303178924909834
547.0,0.2801254367223195,0.1656090662373634
548.0,0.3804808273008568,0.33544132293343515
549.0,0.1230475800448071,0.23209797868939178
550.0,0.32718133822888124,0.2563732880909139
551.0,0.14781772192361115,0.3068651685686657
552.0,0.6038131300226303,0.6594487510078605
553.0,0.1726998775087674,0.2551972015669879
554.0,0.25776540206674925,0.17744576520127633
555.0,0.1088291462491545,0.239204500577941
556.0,0.37881431645798147,0.26987173094686695
557.0,0.21927610465465838,0.26712227224644397
558.0,0.400658067030597,0.3187337107852168
559.0,0.2372433193109923,0.1617477576989854
560.0,0.2678510193215188,0.13842827441385008
563.0,0.4559177039052199,0.36503085148992026
568.0,0.5567995668406847,0.24956631377933453
574.0,0.3129631350434222,0.18294761059987105
575.0,0.13431921050475873,0.09602769171695918
577.0,0.2436770244563826,0.1130072004232643
583.0,0.22041941405619778,0.19244960346089532
596.0,0.47849940070647645,0.3518975759856071
603.0,0.13512780386088719,0.11631812857932093
605.0,0.5473736858359161,0.1725169221466814
608.0,0.2587867814273305,0.2594540060491919
609.0,0.13392127481873553,0.09845569510277308
612.0,0.26232708949804434,0.24860384162842905
613.0,0.13884317627791828,0.12346270656661483
614.0,0.13656225323950008,0.12225113834013393
615.0,0.1473720819131403,0.09859943424500986
625.0,0.5022811470088377,0.19282318253029573
635.0,0.2464563814157605,0.21287242550270713
636.0,0.29341135598515544,0.1889249577766738
643.0,0.2065899250478175,0.22494500450771068
645.0,0.31186108066816537,0.22349636077902937
652.0,0.5064629186301659,0.3052290818312075
653.0,0.14334084820095297,0.09397942247221495
654.0,0.9047139750504051,0.6357813089700424
655.0,0.7652227776648814,0.38767682007175436
659.0,0.12582267146844192,0.09384602859391894
661.0,0.13319451023845283,0.09081095850054355
665.0,0.2701722136134026,0.23952706202211213
667.0,0.5190610983093515,0.15223580004126633
670.0,0.4108404484459118,0.20084257735242286
672.0,0.25046340480264306,0.13751384879165987
676.0,0.2833414603169443,0.23620032651289852
680.0,0.26070565009730157,0.15004973101887412
682.0,0.21405370262810777,0.2037406085475723
683.0,0.13433554130791697,0.09216115016571248
687.0,0.19768581093954515,0.2100013184887669
690.0,0.2684527154934464,0.16085801187961848
696.0,0.48761123389438893,0.17578430507181703
700.0,0.2617436727247349,0.21241969770154404
701.0,0.1418038963374063,0.12167176786027158
703.0,0.17603474964047128,0.1400768592773189
707.0,0.1959747526589337,0.234801279337013
709.0,0.14694914535379278,0.10161454007457146
712.0,0.1423359552099732,0.09680699754529519
716.0,0.23654291973300923,0.34482444477550805
726.0,0.14864693859321376,0.10112955125365561
733.0,0.14509852690792643,0.10031509001999053
736.0,0.27207276786187906,0.20025697668269649
757.0,0.14324507376445775,0.10120813708600515
760.0,0.13403478560072304,0.11517131995381902
765.0,0.14219707554721278,0.10040750629149416
773.0,0.16702767970590457,0.219519897082383
774.0,0.136186330626434,0.12074235454609927
775.0,0.13646834584559028,0.11595141548676478
776.0,0.13954888474457394,0.09520028649423361
777.0,0.7305277491770024,0.6096422709410638
779.0,0.21595093097320106,0.22639342448128197
781.0,0.5488075899543243,0.18711630104035823
789.0,0.137718873855352,0.12171582734080484
795.0,0.13828841611745576,0.09595482545496394
800.0,0.12455994541505276,0.11664391479000184
803.0,0.2755077926197881,0.6045816231716706
807.0,0.5697574154149977,0.3761536778111771
811.0,0.18530315236066822,0.21103125500078668
826.0,0.14459392091504028,0.12221229942212233
834.0,0.13063070267817906,0.09066590558135883
836.0,0.18309997831760663,0.12062022579349517
838.0,0.4603656628940896,0.2725530536908324
847.0,0.2570295022932439,0.23225832492873016
848.0,0.18822859754737115,0.11363690233370363
849.0,0.4190077671368072,0.19913995199073994
850.0,0.19220817081959554,0.2532934592471914
851.0,0.1637890714398017,0.13877409151296896
853.0,0.745527551809468,0.3352123498023915
855.0,0.22715797051236858,0.19292118767076713
858.0,0.2152363353645113,0.21758370369876662
866.0,0.292978403605627,0.187417052710873
870.0,0.21696795020369677,0.22420923727447978
877.0,0.20539718807165777,0.24445890515002014
878.0,0.4453352974687244,0.1751319172074001
879.0,0.14722774099096497,0.1229277937751805
880.0,0.2634809569379639,0.1954378122855706
882.0,0.30331766133188776,0.5087209801132011
884.0,0.18153556636149312,0.2459270912043902
887.0,0.5183001922047827,0.39400155140133347
888.0,0.13966715458062334,0.09997522901866515
890.0,0.4478745191387064,0.13469233894681742
894.0,0.19932168603943348,0.20048875800921276
895.0,0.20970240487177313,0.21088285734175052
896.0,0.466971706379677,0.17506283824968172
899.0,0.3085984355271087,0.3734784050298707
900.0,0.1486145804070185,0.1016513582605265
901.0,0.21236932127416389,0.22540120074297554
903.0,0.14521711561666462,0.12187300145730894
905.0,0.17321282079703343,0.14167390208919164
914.0,0.1318958833601817,0.09875916922414107
916.0,0.22370309477316802,0.16894293775574334
918.0,0.22376252409759081,0.19650332543370963
919.0,0.20341704994417792,0.432201359201043
923.0,0.23120177654450466,0.5647408292514493
926.0,0.3324820840175961,0.20744031113470263
939.0,0.290056912004477,0.1831679802443774
951.0,0.3039949609852695,0.21605305070775285
961.0,0.21945997419204472,0.2212495683488518
964.0,0.22317944739630072,0.2215786039761254
965.0,0.1559260197845822,0.13750701262645074
968.0,0.16656179686234734,0.14001145168264087
969.0,0.1634384120499999,0.13874697783336173
977.0,0.2269187198856358,0.20602155875212794
978.0,0.2870993711994887,0.18883266749679586
980.0,0.14652391555346933,0.12420618728673606
986.0,0.28482433717998856,0.26553129968419154
990.0,0.25746437666249455,0.1633659295716726
996.0,0.23535804303842456,0.19632447571750494
999.0,0.26130149986937296,0.19973681460069745
1001.0,0.16101297499433523,0.19536081056994123
1002.0,0.7590489136586611,0.39009550218039435
1005.0,0.44644855639999326,0.19148706135200044
1007.0,0.12798727193392842,0.0939616241478034
1009.0,0.4055609597739434,0.49289282245714305
1022.0,0.22669941492025772,0.10570454730833787
1023.0,0.7299358236525229,0.3733900405681833
1024.0,0.1904216693302043,0.23172906392418
1030.0,0.2686448835259494,0.1791582088042196
1035.0,0.26412714038815854,0.2358026166821591
1036.0,0.17972919381251706,0.2085960822097073
1045.0,0.6643770948142397,0.2926810634989543
1046.0,0.14244956586827284,0.12094703184882788
1053.0,0.14404752147577649,0.1199904482556668
1057.0,0.5207006276970837,0.5810164363896753
1059.0,0.33731018434519267,0.17152276509479736
1064.0,0.12115143537131369,0.08855183467813278
1066.0,0.4192836990030333,0.20641686762111222
1073.0,0.1745481892272952,0.24832130605842376
1082.0,0.7228360748041299,0.3728619161531182
1086.0,0.1730974264640434,0.13760451853894126
1087.0,0.14944187380616264,0.19758442732554798
1094.0,0.22531044080609336,0.4114518853328178
1104.0,0.8804722734553078,0.7064155381675014
1117.0,0.5938738418105692,0.17659042190750926
1119.0,0.15922576060454113,0.20079482144379057
1127.0,0.46132493465436675,0.3985155111502012
1129.0,0.12506475830726846,0.11833613541865617
1152.0,0.20584377259522119,0.19318708835085108
1153.0,0.36385433648186777,0.3552102273638335
1155.0,0.2657198416118147,0.5818588223157014
1157.0,0.2410784508219241,0.17526323847504915
1166.0,0.466585773934964,0.39343002102272534
1175.0,0.4316694769232528,0.25469731941599166
1177.0,0.6536306924248059,0.39207998074974293
1182.0,0.21108148200619833,0.2143643966773356
1190.0,0.7199179871868846,0.2856854714579389
1191.0,0.13071914597373177,0.09317370149181338
1193.0,0.4998168565611809,0.38185042265343383
1195.0,0.17956201487314624,0.21438119653792065
1201.0,0.15848425446026868,0.19662964103058453
1209.0,0.189898371621974,0.17399071374035133
1210.0,0.38968243952345993,0.4116231801736561
1216.0,0.887897595019559,0.7202773522830449
1217.0,0.39017631568606337,0.1438894404300185
1221.0,0.24449806664229143,0.13098125720249765
1224.0,0.1382439584311139,0.09900413195598412
1225.0,0.4115492437144144,0.19995551179721407
1228.0,0.206833538612428,0.18576562493415275
1231.0,0.5156409990947683,0.4111812542577793
1234.0,0.13657169354909282,0.10016828491073172
1247.0,0.17228498214297272,0.1392031630703528
1248.0,0.13813220314805486,0.11965711985088899
1254.0,0.2232884498667543,0.1292635321447884
1260.0,0.20168242797612213,0.11044156042394622
1261.0,0.5418124585368915,0.1946881868123103
1265.0,0.1472392580528563,0.12233829685797964
1271.0,0.4034624530309123,0.4471378198495008
1278.0,0.5273596682344778,0.19956873024873076
1283.0,0.14363441229847806,0.1012323880164481
1288.0,0.147727039683084,0.12171175700965632
1290.0,0.1982099779269781,0.4338228609050749
1292.0,0.12654802699078482,0.11902884727993475
1295.0,0.13534907627648216,0.12169575465899544
1298.0,0.5457021086816762,0.23222815485395917
1300.0,0.29537025696470687,0.167557718834609
1302.0,0.18667595571846077,0.2395686451458333
1305.0,0.14199858079935837,0.11989376425024777
1314.0,0.2308514790669665,0.10442377599892758
1317.0,0.1381253755767199,0.12073133706730653
1331.0,0.13663330961423517,0.11593593277678765
1333.0,0.1688721054403492,0.2172994874561217
1338.0,0.380212265545575,0.17848165643603403
1339.0,0.15775823234635722,0.21378371812170938
1344.0,0.5493997258704006,0.4934324516366604
1346.0,0.21120255977153227,0.30035471328042107
1348.0,0.16444328174667133,0.2376447106580694
1350.0,0.2576178022679744,0.290831637686667
1358.0,0.4821039673888889,0.17151898045946692
1366.0,0.13360069984117742,0.09052416942263311
1375.0,0.45588331619685146,0.3440281731231664
1376.0,0.43393631302686475,0.3595615679124859
1380.0,0.2625026252799629,0.24605711118756354
1382.0,0.25765775510798017,0.17111113189633423
1384.0,0.12961368677868568,0.09138245721020888
1387.0,0.1380003039758686,0.11977525940085545
1391.0,0.12860674292606875,0.09203821431395748
1396.0,0.23019316544775675,0.14282331096334497
1400.0,0.2632049572160291,0.15030517146632547
1402.0,0.15017553464559186,0.12327450888790922
1409.0,0.21434059544876705,0.19944554245390378
1413.0,0.14282047459519984,0.11720743185756244
1419.0,0.4824602681144043,0.18122832611339068
1422.0,0.14369020923319936,0.10011851939877953
1427.0,0.12934768562592758,0.09131714170439992
2092.0,0.8879944922574952,0.7343172081821099
2093.0,0.7431688415681255,0.7292387577154995
2094.0,0.6143582084938028,0.5195232234357464
2095.0,0.1584996598222428,0.18304554997894215
2096.0,0.7298698111051698,0.560250614910721
2097.0,0.7207429446375689,0.6779623954055753
2098.0,0.8715018797930918,0.5935691257548716
2099.0,0.6550893467828588,0.7061525005982543
2100.0,0.8973110972164939,0.7133883130773229
2101.0,0.6113928850384783,0.493192828209098
2102.0,0.8973110972164939,0.7133883130773229
2103.0,0.7305277491770024,0.6096422709410638
2104.0,0.9014944544252755,0.6482405112354136
2105.0,0.3543269617211618,0.16942982232940712
2106.0,0.7223044939361865,0.5712370537519059
2107.0,0.5950249292564739,0.5365382024519666
2108.0,0.6478139802324883,0.37321488654733065
2109.0,0.5853406269404869,0.4818653396984164
2110.0,0.5299811067083645,0.38554279411449893
2111.0,0.5930042072600452,0.4609229216681061
2112.0,0.8309629146269835,0.43236561399984763
2113.0,0.8693081899992267,0.733969983675092
2114.0,0.7313101415265489,0.6532494837662984
2115.0,0.5666574489195603,0.39281627331929914
2116.0,0.4552375063643675,0.18724989609031303
2117.0,0.8671886745233892,0.5886580256965871
2118.0,0.7121227031949287,0.6082882928935119
2119.0,0.21208980436726627,0.19729739461217233
2120.0,0.6220827093929625,0.5492646377510089
2121.0,0.5193351576405829,0.5071106758913005
2122.0,0.7285571690283928,0.5896824747264379
2123.0,0.8719977952393738,0.6794915764415141
2124.0,0.9027866556635789,0.7273734821984017
2125.0,0.8309629146269835,0.43236561399984763
2126.0,0.8768794035668388,0.6143961521769242
2127.0,0.8911382854445918,0.6364887917892681
2128.0,0.8472589029393732,0.6877206960648189
2129.0,0.8537200630285352,0.5924134585675443
2130.0,0.8231207306394662,0.4499869068622592
2131.0,0.8453459922172397,0.68586217545586
2132.0,0.20841767359024496,0.19669671615789663
2133.0,0.835312754485953,0.5298565935073174
2134.0,0.3774372274045082,0.365477849111294
2135.0,0.8537200630285352,0.5924134585675443
2136.0,0.7737663912969566,0.5298691881491857
2137.0,0.7017220171557352,0.2595560061986016
2138.0,0.8259894552328055,0.4635839259028691
2139.0,0.6920108424827752,0.28764643658851685
2140.0,0.6697882860509919,0.6037150152797268
2141.0,0.6947882292506841,0.6544985586592721
2142.0,0.7061463358032536,0.6524962066839781
2143.0,0.6636794637905704,0.5388822347523499
2144.0,0.5880312036240948,0.5381110322115276
2145.0,0.4791363269789801,0.19010209998480831
2146.0,0.6459717581799564,0.6532788929361206
2147.0,0.7837182653093787,0.5513804035251462
2148.0,0.588275350773088,0.5287842469284347
2149.0,0.8342345277046626,0.5421233750034221
2150.0,0.680475366790124,0.5903057350114488
2151.0,0.581932349710686,0.5474396153857561
2152.0,0.8044326425294623,0.39677781216671126
2153.0,0.8747253115701473,0.6238618890683797
2154.0,0.5453395402842826,0.4458242450626236
2155.0,0.8622536802387241,0.5774964655073181
2156.0,0.4851138662872594,0.4064082028029269
2157.0,0.8459285569221859,0.6146895529755203
2158.0,0.8092506765193309,0.4136385750352149
2159.0,0.5689163645103047,0.4242047750991009
2160.0,0.8747253115701473,0.6238618890683797
2161.0,0.8512978038570116,0.6521446176172407
2162.0,0.6564606295824925,0.4890732856196984
2163.0,0.8231207306394662,0.4499869068622592
2164.0,0.5459892803675463,0.35058520349184413
2165.0,0.8450891915111148,0.564464635002033
2166.0,0.5173875476279157,0.35952967519556217
2167.0,0.5630120380245575,0.4759333115019204
2168.0,0.8643073290142065,0.6146075954857146
2169.0,0.6929081168779619,0.6472611214484689
2170.0,0.7911063692930391,0.5828840229173764
2171.0,0.8686257619063916,0.6646263604437382
2172.0,0.8149096731347028,0.5507762402099632
2173.0,0.8295265599660822,0.5706382914645864
2174.0,0.43744245549820265,0.40068375375788784
2175.0,0.5373122251072003,0.5070684760551603
2176.0,0.4301244961805095,0.280540928791644
2177.0,0.5046937480493168,0.3580414788106404
2178.0,0.8161733837827777,0.5350829177714964
2179.0,0.5836180643862409,0.6560207077244656
2180.0,0.7122052974564307,0.706989677250316
2181.0,0.47039390459362657,0.33763475285598304
2182.0,0.8567022017042744,0.6443679714508529
2183.0,0.6806891760883772,0.6804582298793304
2184.0,0.5408667126046507,0.3753125218884396
2185.0,0.23898455940214627,0.3012288681010408
2186.0,0.46995922987772654,0.3161799834660443
2187.0,0.5663316100608212,0.3503017889339806
2188.0,0.6533173628569686,0.46028014646368504
2189.0,0.8878637169739594,0.7206193374089654
2190.0,0.5537182759107245,0.5161006878023471
2191.0,0.5849232594012331,0.41353466919979753
2192.0,0.8363126851479491,0.6977388157509054
2193.0,0.44850405080504935,0.16444361460151968
2194.0,0.8021292416894212,0.3957047985131842
2195.0,0.748842333211764,0.7156044858170907
2196.0,0.19636970981566823,0.2034849481990455
2197.0,0.7124534497698912,0.6934073005488525
2198.0,0.8871689500499597,0.7179905545846695
2199.0,0.8537200630285352,0.5924134585675443
2200.0,0.608341311335942,0.660683553619631
2201.0,0.5225059554037172,0.17581645660711948
2202.0,0.7061463358032536,0.6524962066839781
2203.0,0.6049709104266842,0.672348571437372
2204.0,0.8537200630285352,0.5924134585675443
2205.0,0.6692598994651785,0.6510629072648865
2206.0,0.7940547125761795,0.5670810524559873
2207.0,0.6481155470380973,0.4890930401556292
2208.0,0.5656180396234981,0.4074005489989874
2209.0,0.8660244644376024,0.6168032843417964
2210.0,0.778622619026732,0.5592166148093056
2211.0,0.5051067109044057,0.4587657802825159
2212.0,0.8193260886814032,0.6113998371992944
2213.0,0.8575343989881749,0.6974592751183264
2214.0,0.5606882056720267,0.33551010859890473
2215.0,0.5124088374084291,0.3706528242744885
2216.0,0.8190770445284093,0.5508241353311878
2217.0,0.8269798291131417,0.4639944996615509
2218.0,0.6780078258009333,0.5828269907004494
2219.0,0.821889164024809,0.4526519227722227
2220.0,0.823479034676451,0.44850838190861375
2221.0,0.6159000712046179,0.5020237416255018
2222.0,0.8550670332083334,0.5785741466611697
2223.0,0.8572376476367853,0.631413394054688
2224.0,0.6499379495091057,0.6094506735336375
2225.0,0.5259798344271768,0.3682279468885804
2226.0,0.4467563281165983,0.4445233341902404
2227.0,0.5768743417720565,0.5246527413368789
2228.0,0.85664785377703,0.592839934838116
2229.0,0.6191824332958168,0.46573841835395224
2230.0,0.6043075121114885,0.6616215785957373
2231.0,0.5844839379367536,0.35535569534267386
2232.0,0.20569042327030207,0.2948316203879754
2233.0,0.5196578362132093,0.37019715090423033
2234.0,0.3166746748063732,0.2790003312406836
2235.0,0.5937086845495497,0.5177343462368955
2236.0,0.7003092444470645,0.6735840797338342
2237.0,0.23134764229856175,0.1341137836445779
2238.0,0.5847347396577067,0.5411751446239236
2239.0,0.8124223619074272,0.4136322971063104
2240.0,0.830336461526528,0.4644338699813981
2241.0,0.7829282375329898,0.5709621124256372
2242.0,0.726786091138302,0.3630540580363436
2243.0,0.8563401947022452,0.5825610338427718
2244.0,0.19030599473256107,0.19176807625186862
2245.0,0.6287012043428689,0.56673582492578
2246.0,0.6207047913369681,0.6875188824501548
2247.0,0.593403464487194,0.5299859395203663
2248.0,0.6094132609467268,0.22164516539609364
2249.0,0.85664785377703,0.592839934838116
2250.0,0.5885075934047186,0.4441697875701652
2251.0,0.5304114501212313,0.44286494250790115
2252.0,0.6147362109842273,0.5467384687144049
2253.0,0.5992222109709394,0.604899314098317
2254.0,0.4904476373039648,0.4248987270656861
2255.0,0.8550465449024917,0.5773226884876426
2256.0,0.49956375995846225,0.19062534803202943
2257.0,0.6469435167611822,0.7083283095576609
2258.0,0.7262495457065017,0.6346340087383769
2259.0,0.8693081899992267,0.733969983675092
2260.0,0.900428142012958,0.6356955002640021
2261.0,0.5730074481344886,0.39022495459460943
2262.0,0.3598305130892594,0.33906802139854136
2263.0,0.584894735421648,0.40092646377654995
2264.0,0.8879649791030092,0.7338614045408093
2265.0,0.5621073097237546,0.40956346356973583
2266.0,0.5244297654501567,0.3534534300724819
2267.0,0.8878723208982423,0.7341662354311421
2268.0,0.5809122690731225,0.4958778150506052
2269.0,0.8880870622296927,0.734012487690657
2270.0,0.9089276032243367,0.7395683715330416
2271.0,0.8665601838333956,0.5686075288180759
2272.0,0.8894802123633188,0.6977618826694989
2273.0,0.8842650379521415,0.5680648419488584
2274.0,0.8309629146269835,0.43236561399984763
2275.0,0.7297946452837331,0.6913915525293245
2276.0,0.6651402892684365,0.5772140379260015
2277.0,0.7305277491770024,0.6096422709410638
2278.0,0.5459501399789869,0.3755596757777078
2279.0,0.8879944922574952,0.7343172081821099
2280.0,0.6147787306743823,0.3516290790079953
2281.0,0.5642317135472028,0.3819784986309429
2282.0,0.7209892144991586,0.6332982995277946
2283.0,0.5453536393702527,0.3728327998601768
2284.0,0.8527237264170199,0.6425389667323929
2285.0,0.7293188365158007,0.6048923251971615
2286.0,0.9016971692323992,0.6403828814564557
2287.0,0.8706500525916264,0.6081497500158013
2288.0,0.5699164921759148,0.38157216387864834
2289.0,0.8699582371917557,0.4842300158056702
2290.0,0.7124195893238854,0.682365586061151
2291.0,0.5775685777111582,0.39464370428622464
2292.0,0.686072127831434,0.2898672075590078
2293.0,0.9016971692323992,0.6403828814564557
2294.0,0.8870822228401366,0.6266024696881946
2295.0,0.5544397771812316,0.37105495358044044
2296.0,0.5503470603274979,0.4540937952836473
2297.0,0.8691686393278587,0.733818885137653
2298.0,0.5511286576629788,0.37810871857430606
2299.0,0.47138116657766865,0.17328669353912127
2300.0,0.5193351576405829,0.5071106758913005
2301.0,0.6620307436697007,0.6813818805498502
2302.0,0.8879649791030092,0.7338614045408093
2303.0,0.7142532096545904,0.6595851153733934
2304.0,0.5711654035132914,0.3763100187626534
2305.0,0.5666574489195603,0.39281627331929914
2306.0,0.7297946452837331,0.6913915525293245
2307.0,0.6225074446017722,0.558601769615379
2308.0,0.5954804426846471,0.4705710732020886
2309.0,0.8306277472457706,0.4295476918200216
2310.0,0.8499250281188045,0.587334290833942
2311.0,0.8338818692406428,0.43261457494176253
2312.0,0.882120858037563,0.5766037619984535
2313.0,0.8259307996898142,0.5747499848795382
2314.0,0.635967290256681,0.547667614618373
2315.0,0.8930210114508269,0.608746934258049
2316.0,0.8706500525916264,0.6081497500158013
2317.0,0.7127574180331082,0.4950237538134475
2318.0,0.6843142940307473,0.5894076826092878
2319.0,0.7200125950812534,0.6427801893381442
2320.0,0.6496708279838453,0.7105482256476741
2321.0,0.5616637473432315,0.3727552039588647
2322.0,0.33953094092062525,0.29043794440516507
2323.0,0.6099077486713517,0.41341265194153526
2324.0,0.8323150419608927,0.591769504278533
2325.0,0.8994535541380755,0.6333860127583061
2326.0,0.8652585111818216,0.5905973175651743
2327.0,0.584894735421648,0.40092646377654995
2328.0,0.89975175776937,0.7161225790399508
2329.0,0.4743033793794027,0.40149347794821216
2330.0,0.5651486668784566,0.3568173460725263
2331.0,0.5607169351848922,0.3869886268587775
2332.0,0.6836164920911564,0.575336969312795
2333.0,0.5273347877957519,0.3500374740202249
2334.0,0.6244425889712492,0.6481334172079587
2335.0,0.5551662641663899,0.36100686987037645
2336.0,0.8879649791030092,0.7338614045408093
2337.0,0.7197102808300172,0.5850039925142585
2338.0,0.9029241875915635,0.7271901502221199
2339.0,0.7337839878121106,0.7020962371710736
2340.0,0.8722186273318294,0.6111004717096793
2341.0,0.8879649791030092,0.7338614045408093
2342.0,0.5794768418005148,0.3940813190526613
2343.0,0.6662115904070683,0.7325467859249949
2344.0,0.8916783136684137,0.5962580920684893
2345.0,0.7594336252798147,0.590715475313088
2346.0,0.7335448381848693,0.7172456239511708
2347.0,0.8965640486461268,0.710907168093641
2348.0,0.8459735875857831,0.6457198250196523
2349.0,0.89101804684392,0.6139239092769112
2350.0,0.6112933803565263,0.3989745453374987
2351.0,0.5666574489195603,0.39281627331929914
2352.0,0.6512066547375416,0.4395978994916074
2353.0,0.6180261426916005,0.5357353772001345
2354.0,0.8969054592263435,0.5972318140697312
2355.0,0.5621691772021784,0.378657959498618
2356.0,0.6433194210437106,0.36871826688292025
2357.0,0.880113869751386,0.638231088495082
2358.0,0.5899945795266519,0.41742688716932297
2359.0,0.7431688415681255,0.7292387577154995
2360.0,0.6476851453717858,0.37134373201209436
2361.0,0.6539450722232811,0.4319937803228045
2362.0,0.5821397935651833,0.6051103121208622
2363.0,0.711727621582188,0.49876491349322694
2364.0,0.5300585387692404,0.35377904330103693
2365.0,0.5853512675931309,0.3999460891289827
2366.0,0.391045807384383,0.4961328515204501
2367.0,0.9029241875915635,0.7271901502221199
2368.0,0.6012219970269087,0.4790226179755866
2369.0,0.42574570910247245,0.3670203221803769
2370.0,0.8691686393278587,0.733818885137653
2371.0,0.8969054592263435,0.5972318140697312
2372.0,0.887653149932905,0.6655508950731892
2373.0,0.7026561028284756,0.4768094177248413
2374.0,0.5544397771812316,0.37105495358044044
2375.0,0.8270467054720354,0.709056768297361
2376.0,0.5555427873675558,0.3685672745542153
2377.0,0.8052215634060725,0.4429274495560065
2378.0,0.584894735421648,0.40092646377654995
2379.0,0.7024464725249616,0.7329899512274477
2380.0,0.8691686393278587,0.733818885137653
2381.0,0.8946414187833416,0.6732433960948551
2382.0,0.635967290256681,0.547667614618373
2383.0,0.6133752939637492,0.49719345797528586
2384.0,0.709271639580658,0.6600193691691458
2385.0,0.5809122690731225,0.4958778150506052
2386.0,0.9016971692323992,0.6403828814564557
2387.0,0.8849963756057682,0.5870660601919189
2388.0,0.7142532096545904,0.6595851153733934
2389.0,0.5782379299559698,0.5377610477645285
2390.0,0.9029241875915635,0.7271901502221199
2391.0,0.5622119609395658,0.4511337100356595
2392.0,0.7254029714902999,0.5457136425756612
2393.0,0.9029241875915635,0.7271901502221199
2394.0,0.5793392412388035,0.39143918489345964
2395.0,0.8690627279672064,0.734123747084757
2396.0,0.9016971692323992,0.6403828814564557
2397.0,0.8800665977834473,0.569089640384182
2398.0,0.6512066547375416,0.4395978994916074
2399.0,0.8800665977834473,0.569089640384182
2400.0,0.8940020972930672,0.6126394831432345
2401.0,0.9029241875915635,0.7271901502221199
2402.0,0.6384253020872777,0.6948808371134166
2403.0,0.709271639580658,0.6600193691691458
2404.0,0.6221125832389403,0.5022279301549263
2405.0,0.684562472951519,0.5927715026577847
2406.0,0.6346347828232489,0.5499389935979646
2407.0,0.6213996549043159,0.569966683248631
2408.0,0.8940020972930672,0.6126394831432345
2409.0,0.5220162627728837,0.3415323859040325
2410.0,0.8338818692406428,0.43261457494176253
2411.0,0.6776577675630254,0.5750870606138787
2412.0,0.7339320350399544,0.6389823832533942
2413.0,0.7023827555125318,0.4620437879640092
2414.0,0.575354110671838,0.38060833613697104
2415.0,0.89101804684392,0.6139239092769112
2416.0,0.7330072816544816,0.7127687500508728
2417.0,0.7197102808300172,0.5850039925142585
2418.0,0.4019453983824841,0.2714363969195871
2419.0,0.8705792939710917,0.5870266149423188
2420.0,0.8989005039791957,0.6119240891454873
2421.0,0.7297946452837331,0.6913915525293245
2422.0,0.7261953383820563,0.5474814339287958
2423.0,0.8808016043250967,0.5537118793937627
2424.0,0.8870822228401366,0.6266024696881946
2425.0,0.3421295472793881,0.3558488911520622
2426.0,0.8659221363938854,0.5859752736934147
2427.0,0.5587151697127067,0.36594848041358574
2428.0,0.6725530801050895,0.4892643165937234
2429.0,0.6103449040054911,0.5393166413137366
2430.0,0.7086414191993914,0.69308872189402
2431.0,0.7338389726236434,0.6955064432939464
2432.0,0.8459735875857831,0.6457198250196523
2433.0,0.8706500525916264,0.6081497500158013
2434.0,0.6721269282391361,0.49652622098325655
2435.0,0.8705792939710917,0.5870266149423188
2436.0,0.8969054592263435,0.5972318140697312
2437.0,0.5543342166668139,0.3789542962464385
2438.0,0.8562790569412788,0.5814425412704685
2439.0,0.8879649791030092,0.7338614045408093
2440.0,0.5659985953283251,0.445593388848479
2441.0,0.9082931922945322,0.7377104692165771
2442.0,0.766408320149812,0.7190876687640574
2443.0,0.6045151563901829,0.5422202861365565
2444.0,0.8723784154514065,0.4935116817089293
2445.0,0.19280803734666327,0.1261670478384074
2446.0,0.4408946923151576,0.3118446233223661
2447.0,0.42091597998393687,0.36057853289100406
2448.0,0.8836131613865561,0.6523530403979665
2449.0,0.7184795020439191,0.5870825035808971
2450.0,0.2717360882327286,0.36264306295156745
2451.0,0.8437465129169507,0.583716880397194
2452.0,0.9088994284980082,0.7398952886525381
2453.0,0.605442186453068,0.4079390950684164
2454.0,0.6364382279178743,0.5458627881269648
2455.0,0.8553418059193416,0.5797701736521417
2456.0,0.4820089543111285,0.42102327593045724
2457.0,0.8879649791030092,0.7338614045408093
2458.0,0.6520968785406751,0.7108244280211452
2459.0,0.8969054592263435,0.5972318140697312
2460.0,0.8702119358471652,0.6336923607672934
2461.0,0.6487059978561696,0.37349955321470835
2462.0,0.4826713743988745,0.4047955353582872
2463.0,0.8879649791030092,0.7338614045408093
2464.0,0.5999267094319628,0.4650693669367204
2465.0,0.5320497350135833,0.35011076773444544
2466.0,0.8842650379521415,0.5680648419488584
2467.0,0.7956498910850458,0.4275146730824961
2468.0,0.24021361799390104,0.13951603657973996
2469.0,0.27286201514500463,0.44763389705082857
2470.0,0.7285571690283928,0.5896824747264379
2471.0,0.8693081899992267,0.733969983675092
2472.0,0.8940020972930672,0.6126394831432345
2473.0,0.7572311759163881,0.5787463097947516
2474.0,0.5579607773785997,0.5069681367136509
2475.0,0.8562487666073568,0.7347228420066995
2476.0,0.713683776050411,0.6127814389904132
2477.0,0.8691686393278587,0.733818885137653
2478.0,0.8825723542480198,0.5742277351610195
2479.0,0.8901997587372922,0.5957973295287676
2480.0,0.49956375995846225,0.19225186101850036
2481.0,0.8530032315045416,0.6101321014069983
2482.0,0.49956375995846225,0.19225186101850036
2483.0,0.6285532554845993,0.6520843399261744
2484.0,0.8659270895087632,0.472829134886008
2485.0,0.8870822228401366,0.6266024696881946
2486.0,0.6620307436697007,0.6813818805498502
2487.0,0.7026561028284756,0.4768094177248413
2488.0,0.9083215356001201,0.7373817807433232
2489.0,0.4839854275456434,0.4069656435510226
2490.0,0.7672614270515532,0.7200248837480321
2491.0,0.8688233814461978,0.7195837828355505
2492.0,0.8690627279672064,0.734123747084757
2493.0,0.8989005039791957,0.6119240891454873
2494.0,0.7297946452837331,0.6913915525293245
2495.0,0.559753120879041,0.3861889248768909
2496.0,0.9027866556635789,0.7273734821984017
2497.0,0.8691686393278587,0.733818885137653
2498.0,0.5848485419032426,0.3759219462464684
2499.0,0.4591206936427988,0.3054481552865838
2500.0,0.5586169559138568,0.37490684933151
2501.0,0.8702119358471652,0.6336923607672934
2502.0,0.3597523982509429,0.325290322624874
2503.0,0.59341732173193,0.5147245980913491
2504.0,0.615449459964661,0.35142413935018424
2505.0,0.5853512675931309,0.3999460891289827
2506.0,0.5945218096837733,0.5900840539988402
2507.0,0.7113083455425613,0.6812864979671229
2508.0,0.6356710221841735,0.5413937969372301
2509.0,0.9025201643599904,0.7140812162063991
2510.0,0.641256536616705,0.699283527415573
2511.0,0.8879649791030092,0.7338614045408093
2512.0,0.584894735421648,0.40092646377654995
2513.0,0.9012871838808455,0.6885775216404166
2514.0,0.15487876163691636,0.19843908446338027
2515.0,0.8702119358471652,0.6336923607672934
2516.0,0.628803392338171,0.5587906623443134
2517.0,0.5572638355121552,0.36559229010787836
2518.0,0.584894735421648,0.40092646377654995
2519.0,0.9029241875915635,0.7271901502221199
2520.0,0.6409552914588901,0.5549701891295166
2521.0,0.6635649067351681,0.7115522207414674
2522.0,0.5954804426846471,0.4705710732020886
2523.0,0.2446379998658298,0.13542642072035413
2524.0,0.7635145816716069,0.42314534211838367
2525.0,0.8690627279672064,0.734123747084757
2526.0,0.6236169212174525,0.5784371821752237
2527.0,0.6013918676860374,0.5379679175091369
2528.0,0.7431688415681255,0.7292387577154995
2529.0,0.7312199307789597,0.7217307903315838
2530.0,0.8499250281188045,0.587334290833942
2531.0,0.5523850670645247,0.3892416900802068
2532.0,0.8940020972930672,0.6126394831432345
2533.0,0.4177563696457805,0.5050463205839959
2534.0,0.7298698111051698,0.560250614910721
2535.0,0.5522697146375397,0.38377966419190424
2536.0,0.8879649791030092,0.7338614045408093
2537.0,0.6676746309253236,0.7188380588094812
2538.0,0.6483787660707393,0.37316367896091024
2539.0,0.8052215634060725,0.4429274495560065
2540.0,0.7431688415681255,0.7292387577154995
2541.0,0.7305277491770024,0.6096422709410638
2542.0,0.8731010034822863,0.6135736342105399
2543.0,0.6099077486713517,0.41341265194153526
2544.0,0.6276844049921538,0.594068859882944
2545.0,0.6526730490651941,0.7101646332325763
2546.0,0.6187268692043882,0.5442916763668432
2547.0,0.8757549685259138,0.565919293022099
2548.0,0.5562984401138042,0.3650810894340765
2549.0,0.5744186448847647,0.3774366611689058
2550.0,0.8669034625974461,0.47014736359479126
2551.0,0.8327666258717639,0.5823706150239261
2552.0,0.6956688631223579,0.47214707467157596
2553.0,0.7123531907367605,0.7027509933853867
2554.0,0.5852432549626025,0.40127133006388344
2555.0,0.674218563588296,0.3537352229591412
2556.0,0.8707591512586963,0.6480661482110864
2557.0,0.6239081490196221,0.569869135268172
2558.0,0.6246576940023703,0.6486601083371879
2559.0,0.6287730803854833,0.6844254807943915
2560.0,0.24368207886297388,0.27699152704645696
2561.0,0.9029241875915635,0.7271901502221199
2562.0,0.4827480053434215,0.1736958522222518
2563.0,0.5876846736408514,0.4742344033581061
2564.0,0.8504793065493973,0.6507970004796656
2565.0,0.9029241875915635,0.7271901502221199
2566.0,0.6691134430890644,0.4820558724362027
2567.0,0.251800763684495,0.1334782262975906
2568.0,0.7431688415681255,0.7292387577154995
2569.0,0.5724388314996574,0.5101568978938846
2570.0,0.6777632886762551,0.48052774988166985
2571.0,0.9027866556635789,0.7273734821984017
2572.0,0.6166363739123094,0.49754319296719807
2573.0,0.6426260798032665,0.5701839222797457
2574.0,0.8685373754510554,0.47520634818989804
2575.0,0.8499250281188045,0.587334290833942
2576.0,0.8940020972930672,0.6126394831432345
2577.0,0.6085318678302295,0.521759991106332
2578.0,0.5324686070240424,0.4426211576139152
2579.0,0.9029241875915635,0.7271901502221199
2580.0,0.563878695205622,0.3816396443079316
2581.0,0.5783866846940664,0.3908163707540883
2582.0,0.9057103955223814,0.639864190208286
2583.0,0.6725530801050895,0.4892643165937234
2584.0,0.6213996549043159,0.569966683248631
2585.0,0.8401552481387855,0.5677485916775311
2586.0,0.592228864896814,0.48241326579657307
2587.0,0.8940020972930672,0.6126394831432345
2588.0,0.8871689500499597,0.7179905545846695
2589.0,0.693261635183283,0.671083116965436
2590.0,0.8745249210743898,0.6207289017969579
2591.0,0.8391523317408298,0.5453278867293966
2592.0,0.4871998878593043,0.3498129170852147
2593.0,0.5616831216232486,0.46199024916365894
2594.0,0.6080478666555958,0.5388126524000921
2595.0,0.8543365158792412,0.58319418570061
2596.0,0.6697035809985328,0.6503962460778759
2597.0,0.8530486443284575,0.5792089777306247
2598.0,0.5163266427336366,0.46435952775207084
2599.0,0.501390622308411,0.36570502809509986
2600.0,0.8801527321947774,0.6925333766421604
2601.0,0.2512121471825158,0.3321048396001034
2602.0,0.5146045742223397,0.3688704680510933
2603.0,0.8030934204846777,0.6208120228632831
2604.0,0.5948001711793642,0.42560201296898226
2605.0,0.5453715594999193,0.5063107591481263
2606.0,0.38839931611736234,0.2605392441465021
2607.0,0.6709052500135279,0.6080899906688497
2608.0,0.6939738891022728,0.6252103671695616
2609.0,0.6916084296753792,0.652749493387645
2610.0,0.7974679066427545,0.5899758475944924
2611.0,0.5493296621361522,0.3352320080944337
2612.0,0.5051939964401718,0.3911863278144546
2613.0,0.8530486443284575,0.5792089777306247
2614.0,0.1468249944896347,0.18245731922164338
2615.0,0.526885924489488,0.37805212120016013
2616.0,0.665112808379623,0.5833213623557265
2617.0,0.5843801492473316,0.6523044822049733
2618.0,0.17047097163963693,0.19461434405556383
2619.0,0.19249105240548486,0.2060365873947043
2620.0,0.6795466196744283,0.5853155997865741
2621.0,0.5017208459447324,0.45152685461760356
2622.0,0.4346392561509098,0.35397751262700583
2623.0,0.789022937230742,0.5514282866933453
2624.0,0.8537200630285352,0.5924134585675443
2625.0,0.5661169192958858,0.4074005489989874
2626.0,0.547507982370291,0.38765958462430067
2627.0,0.6795466196744283,0.5853155997865741
2628.0,0.7227505297679184,0.7105809214744161
2629.0,0.6639426675400039,0.5897678190196978
2630.0,0.8615246550996004,0.6978516873796772
2631.0,0.825755287124595,0.4468691516992873
2632.0,0.8193260886814032,0.6113998371992944
2633.0,0.4848467780799491,0.1803003881043047
2634.0,0.5346841404105741,0.5716327713051401
2635.0,0.5597243778264774,0.33507749561452543
2636.0,0.5514996137959707,0.3971377878911892
2637.0,0.8367654350249659,0.6017663486704247
2638.0,0.80227008515795,0.5888503757568231
2639.0,0.8087503105475602,0.6263855983925186
2640.0,0.7902358614905669,0.6269176435194065
2641.0,0.526858563422252,0.37832865107785635
2642.0,0.546206458945224,0.39267483357816024
2643.0,0.5990884317679223,0.5471941311338221
2644.0,0.40338568545642695,0.271906694067246
2645.0,0.6263116202945633,0.6917761142116726
2646.0,0.6208348776805559,0.7014334782855165
2647.0,0.8092506765193309,0.41407433425570894
2648.0,0.7713204512789241,0.4036909466071757
2649.0,0.5958942704607896,0.464518265417886
2650.0,0.7708427094165994,0.40049747622305965
2651.0,0.7470381391402743,0.4234795210779273
2652.0,0.5498336141973506,0.39353827375986783
2653.0,0.8676675208051129,0.6215890469807603
2654.0,0.6683338960132299,0.6087403114904743
2655.0,0.570360456011637,0.4083553139793054
2656.0,0.5549028178442165,0.468962737503394
2657.0,0.6041540760375377,0.6634714532560491
2658.0,0.5053127856076137,0.35806408564297343
2659.0,0.8052940111279764,0.6436085704533783
2660.0,0.8360287500489579,0.5922946600678073
2661.0,0.5890694991659385,0.3555430287021611
2662.0,0.7837182653093787,0.5513804035251462
2663.0,0.7698742720584366,0.5507682071055557
2664.0,0.8871348797941692,0.7183342422127909
2665.0,0.861996864034178,0.7124298411762964
2666.0,0.5267749945428847,0.3793506790348356
2667.0,0.5123661504484976,0.3549445786798775
2668.0,0.6064187901608021,0.6862975881688903
2669.0,0.5073174135960457,0.37331047338785417
2670.0,0.8250733443563968,0.5836536157995551
2671.0,0.5054539302458846,0.3606144358151412
2672.0,0.861996864034178,0.7124298411762964
2673.0,0.8092506765193309,0.41407433425570894
2674.0,0.591360463444885,0.5420390487138609
2675.0,0.5140554132587841,0.3576953094763513
2676.0,0.6594426019671594,0.5505119172654219
2677.0,0.8450891915111148,0.564464635002033
2678.0,0.5267749945428847,0.3793506790348356
2679.0,0.8580695022799136,0.5959845485391391
2680.0,0.8878637169739594,0.7206193374089654
2681.0,0.526885924489488,0.37805212120016013
2682.0,0.5267749945428847,0.3793506790348356
2683.0,0.48087129715011184,0.1931637117868857
2684.0,0.5570924351978798,0.48124080486658866
2685.0,0.484302464603822,0.1943790010958697
2686.0,0.5054539302458846,0.3606144358151412
2687.0,0.5471690199574683,0.47437551619056595
2688.0,0.7506984262184283,0.44451959312349937
2689.0,0.5302476816818613,0.43494751237880824
2690.0,0.5058127935401171,0.36094551887176746
2691.0,0.5704516628512819,0.4816484177780644
2692.0,0.5849232594012331,0.41353466919979753
2693.0,0.8259894552328055,0.4635839259028691
2694.0,0.8247287321702063,0.5853982296397494
2695.0,0.8600045623646517,0.6004534955653025
2696.0,0.6657026565502813,0.5558196211429601
2697.0,0.5925594927100152,0.5374573850866523
2698.0,0.8622536802387241,0.5774964655073181
2699.0,0.8472578607970821,0.5542117363807162
2700.0,0.52713286038702,0.3796887489212072
2701.0,0.6683338960132299,0.6087403114904743
2702.0,0.8543365158792412,0.58319418570061
2703.0,0.8645184543712153,0.6428543260384493
2704.0,0.7788834459088491,0.5714657956344155
2705.0,0.5267749945428847,0.3793506790348356
2706.0,0.5464983623983305,0.32303881265104417
2707.0,0.6693093759255492,0.7118067674010659
2708.0,0.5267178076127258,0.37572664044522763
2709.0,0.7837182653093787,0.5513804035251462
2710.0,0.49337719931211677,0.3582786328494101
2711.0,0.5844301300684283,0.4128847061359654
2712.0,0.5746445887554231,0.4178287883989581
2713.0,0.5459980739192642,0.4926149178476833
2714.0,0.4352633104744555,0.35037525532606056
2715.0,0.5267749945428847,0.3793506790348356
2716.0,0.80227008515795,0.5888503757568231
2717.0,0.501390622308411,0.36570502809509986
2718.0,0.8871689500499597,0.7179905545846695
2719.0,0.5074012054032796,0.37168092680022935
2720.0,0.5448298056302698,0.5114602770776321
2721.0,0.7808904716595694,0.5350036193531139
2722.0,0.46765906602065904,0.3353603036546121
2723.0,0.7411668101852473,0.4212894541370211
2724.0,0.8360287500489579,0.5922946600678073
2725.0,0.8323921371465517,0.5930709096280842
2726.0,0.8367274310976908,0.7126400130425609
2727.0,0.5091513399583484,0.6716648347316195
2728.0,0.5826949713739736,0.6174071495775019
2729.0,0.5025444788343718,0.3562084245882896
2730.0,0.7066252043819116,0.6846842861630738
2731.0,0.7122052974564307,0.706989677250316
2732.0,0.5267749945428847,0.3793506790348356
2733.0,0.5251942833420584,0.3768077791167871
2734.0,0.5877222231435979,0.5378480346382244
2735.0,0.5047252726815628,0.18221519762153038
2736.0,0.49337719931211677,0.3582786328494101
2737.0,0.47991307930860044,0.35083853399577536
2738.0,0.8571691057024321,0.6354915535828739
2739.0,0.6457736009485121,0.21841123575178287
2740.0,0.4720675389135487,0.3382917260028305
2741.0,0.6691044908615262,0.6846041440298706
2742.0,0.5999192670809781,0.5451502467488232
2743.0,0.5267749945428847,0.3793506790348356
2744.0,0.8370221428389351,0.7124786911430178
2745.0,0.8703809168540888,0.6425985352148644
2746.0,0.46477424569243025,0.3254544932510592
2747.0,0.4720669382583001,0.32136288847171457
2748.0,0.821889164024809,0.4526519227722227
2749.0,0.6049353455458449,0.4514981894796615
2750.0,0.6499951611988353,0.5484564215352237
2751.0,0.567273783635231,0.4958186311626741
2752.0,0.8871689500499597,0.7179905545846695
2753.0,0.5826619699091852,0.44542653048235425
2754.0,0.5660752306847757,0.5107143945265321
2755.0,0.5267749945428847,0.3793506790348356
2756.0,0.5361322831418543,0.5339422040234656
2757.0,0.6676090247919244,0.3958742981122974
2758.0,0.6042352812116378,0.5455705474155883
2759.0,0.8524419607796166,0.5720050174648976
2760.0,0.5327735018487441,0.37656197308276024
2761.0,0.6856067915208465,0.39712256534744017
2762.0,0.861996864034178,0.7124298411762964
2763.0,0.48151081893128606,0.3470574744937645
2764.0,0.5549218482203663,0.39730177817577744
2765.0,0.6545876173612907,0.6517616318620231
2766.0,0.5114159993067539,0.6029325074861273
2767.0,0.4651443174221174,0.33826801170231363
2768.0,0.7791527405963232,0.6862410752068779
2769.0,0.7068480597529713,0.6643964991106055
2770.0,0.836854587560412,0.712320170431066
2771.0,0.8485649552649132,0.6489698856994218
2772.0,0.55238097733446,0.537638088538904
2773.0,0.5323512590768763,0.3772540614861355
2774.0,0.6607277825316504,0.5260626225603778
2775.0,0.5222705169124843,0.471743465112292
2776.0,0.5079184579474574,0.4028905207670952
2777.0,0.5192387665655347,0.37347051141481113
2778.0,0.8182890926153117,0.574483339837792
2779.0,0.52713286038702,0.3796887489212072
2780.0,0.540946441921669,0.3468007604530328
2781.0,0.5701669534888112,0.4796642802491817
2782.0,0.4871411223487094,0.38491264073609804
2783.0,0.6533173628569686,0.46028014646368504
2784.0,0.6259823640729896,0.5904582745187704
2785.0,0.5709660810540308,0.5316539510911165
2786.0,0.5462904870593567,0.5148279608775264
2787.0,0.8747253115701473,0.6238618890683797
2788.0,0.5473793853613503,0.5397739331344681
2789.0,0.5522271074134627,0.39200605896011076
2790.0,0.8676675208051129,0.6215890469807603
2791.0,0.47310029827799427,0.32031722976571003
2792.0,0.8804364536035044,0.7067675711507991
2793.0,0.8710258299076385,0.6876557953333542
2794.0,0.7259783480695935,0.39921688426253354
2795.0,0.4159467406922975,0.2633867526291894
2796.0,0.5267749945428847,0.3793506790348356
2797.0,0.6939738891022728,0.6252103671695616
2798.0,0.6607277825316504,0.5260626225603778
2799.0,0.19802699499962842,0.1900188941028523
2800.0,0.8643073290142065,0.6146075954857146
2801.0,0.8616356930272177,0.6975223711765746
2802.0,0.4988105952291052,0.37670869875338553
2803.0,0.664118768132834,0.5644441760107973
2804.0,0.6661425933841744,0.5863277988066202
2805.0,0.5272164227890469,0.37866636585096797
2806.0,0.5745514106638323,0.5152846403375777
2807.0,0.7382425856248841,0.4150014460116367
2808.0,0.46486460600361873,0.32435307983983597
2809.0,0.4983817560313283,0.34463364157632914
2810.0,0.4796330046774476,0.33884988567244717
2811.0,0.5559570872170198,0.39740002577952455
2812.0,0.8012768015105911,0.5856438091307508
2813.0,0.5029033770360593,0.35653771815400637
2814.0,0.8231207306394662,0.4499869068622592
2815.0,0.5653217418450474,0.5040593834772574
2816.0,0.5526092103606703,0.39206796291842166
2817.0,0.5588726644543651,0.4539196186455014
2818.0,0.5746445887554231,0.4178287883989581
2819.0,0.8036962031754822,0.5992259422511338
2820.0,0.8747253115701473,0.6238618890683797
2821.0,0.3745427008268961,0.2742327499926619
2822.0,0.5496793972176189,0.3889389023303043
2823.0,0.5529820383342274,0.45884775609161427
2824.0,0.5136424439147903,0.3712967327450042
2825.0,0.5756957262833577,0.5244746850541653
2826.0,0.681585241612232,0.6561293245289738
2827.0,0.8615246550996004,0.6978516873796772
2828.0,0.7111006921629734,0.5783300669987846
2829.0,0.5596455992852641,0.4038224860445886
2830.0,0.7974679066427545,0.5899758475944924
2831.0,0.8878637169739594,0.7206193374089654
2832.0,0.683761114339517,0.48227334776549746
2833.0,0.8396482467988813,0.7097260907465318
2834.0,0.49483856707341767,0.3597882904272416
2835.0,0.3087419528075551,0.3329938197356679
2836.0,0.6594426019671594,0.5505119172654219
2837.0,0.5267749945428847,0.3793506790348356
2838.0,0.8074946446354788,0.6750338262591671
2839.0,0.6564606295824925,0.4890732856196984
2840.0,0.6840076759866395,0.5376258684223826
2841.0,0.39479476024506777,0.2777773301789747
2842.0,0.46251828966771247,0.33849258812572197
2843.0,0.6148278792709111,0.394795754734656
2844.0,0.8543365158792412,0.58319418570061
2845.0,0.19657568450469232,0.20291571643527825
2846.0,0.547927602244554,0.33563340165117006
2847.0,0.5073174135960457,0.37331047338785417
2848.0,0.7124534497698912,0.6934073005488525
2849.0,0.48858709137490586,0.5645008348933066
2850.0,0.4662080985951727,0.33712327716851886
2851.0,0.5054539302458846,0.3606144358151412
2852.0,0.6652612127117612,0.5795098435547974
2853.0,0.7220935911554733,0.3873551380508933
2854.0,0.5272164227890469,0.37866636585096797
2855.0,0.5048836771516908,0.3592319152151688
2856.0,0.8409464493227427,0.6912865770747222
2857.0,0.4081930389225807,0.2767346688670588
2858.0,0.8092506765193309,0.4136385750352149
2859.0,0.8097793365479238,0.6698491764277043
2860.0,0.4917087687928827,0.3567591614330311
2861.0,0.5461871148830817,0.45473708632083815
2862.0,0.8363126851479491,0.6977388157509054
2863.0,0.7391645819223036,0.6986025178095662
2864.0,0.6979284728854843,0.6752889583896927
2865.0,0.6134863774450725,0.46700491373412906
2866.0,0.33195865229755417,0.28726370565322723
2867.0,0.6777511263935133,0.667479124673105
2868.0,0.5447349370958822,0.521819538296424
2869.0,0.5892061737584203,0.3573798267459302
2870.0,0.6939738891022728,0.6252103671695616
2871.0,0.38764672209161044,0.3527761664189394
2872.0,0.5038210665103303,0.432200154686532
2873.0,0.5801120971425646,0.3933358640224122
2874.0,0.836854587560412,0.712320170431066
2875.0,0.5926153635560255,0.44253906023058404
2876.0,0.5267749945428847,0.3793506790348356
2877.0,0.8592363622159721,0.5814539088120452
2878.0,0.8057657506690348,0.5969329449591376
2879.0,0.2993566297176166,0.12649916166916678
2880.0,0.47090284988053804,0.34042841326858275
2881.0,0.526885924489488,0.37805212120016013
2882.0,0.6933495463745232,0.6127930367480213
2883.0,0.5964685871798779,0.6411391035813386
2884.0,0.6683338960132299,0.6087403114904743
2885.0,0.8381392125500579,0.6138811290594637
2886.0,0.3691505173237982,0.4623825315071906
2887.0,0.8691381651967113,0.6631496086531676
2888.0,0.8068786632629715,0.5437470667903448
2889.0,0.6711770037761237,0.5520171851803728
2890.0,0.7731084723434032,0.4015748496142994
2891.0,0.8537200630285352,0.5924134585675443
2892.0,0.5372156481745184,0.520428479164214
2893.0,0.552798946458615,0.5893577626939998
2894.0,0.8580695022799136,0.5959845485391391
2895.0,0.8021292416894212,0.3957047985131842
2896.0,0.5027622205652249,0.35470000745663777
2897.0,0.5148793881483497,0.4095720022224411
2898.0,0.5267749945428847,0.3793506790348356
2899.0,0.8169759536982076,0.41903415840179237
2900.0,0.8231207306394662,0.4499869068622592
2901.0,0.20199241372191512,0.20726546495423603
2902.0,0.8519333851704352,0.5875035757370288
2903.0,0.5267749945428847,0.3793506790348356
2904.0,0.6639426675400039,0.5897678190196978
2905.0,0.6676441256973774,0.6216904488385678
2906.0,0.3929479419540221,0.27702210711131764
2907.0,0.5619090678233519,0.5215308736294323
2908.0,0.6652273090618056,0.594495509400066
2909.0,0.6652273090618056,0.594495509400066
2910.0,0.5937466468265595,0.6558208927454909
2911.0,0.5080769984970765,0.36543454128026
2912.0,0.6611288511305818,0.3493757558204517
2913.0,0.4916410636936811,0.43784391410448215
2914.0,0.49483856707341767,0.3597882904272416
2915.0,0.5434746826561556,0.5212401553930311
2916.0,0.6693707176781354,0.6550850011162462
